TGGCCT40NATTT_AAG_NNUGUGUGSGUUUCCGSN_m2_c3_short.pfm	5	10
TGACTT40NGGT_EMQ_NUGKUGUUGUAGN_m2_c4b-_short.pfm	5	11
TGGCCT40NATTT_AAG_CRNAAUGUUAGUAGN_m2_c3_short.pfm	4	13
TGAAGA40NACAG_AAH_NNUGUGUGSGUUUCCGSN_m2_c3_short.pfm	5	10
TCTGGT40NGGG_AAH_NNUGUGUGSGUUUCCGSN_m2_c2_short.pfm	5	10
TCTGGT40NGGG_AAH_CUGKUGUUGUAGG_m2_c2_short.pfm	6	11
TCTAGA40NCGA_AAG_NNUGYGUGCGUUUCCGSN_m2_c4_short.pfm	6	10
TTTGTT40NTTAG_AAG_NGCAGUUUUAGGGCN_m2_c4_short.pfm	5	9
TACCGG40NAGT_AAG_NGGGUCUNAUUUUUAAN_m2_c4_short.pfm	5	15
TAGCCA40NTAT_AAG_NGGGUCUNAUUUUUAAN_m2_c3_short.pfm	5	15
TCGATT40NTTG_AAG_NYGUAAAKUGUAGN_m2_c4_short.pfm	6	10
TTGCTG40NCTA_AAG_GGGUCUUWUUUUUAA_m2_c3_short.pfm	5	15
TGGTCG40NTCGG_AAG_GKUGCAUGUG_m1_c2_short.pfm	5	10
TTGTCT40NGCT_AAG_GUWGCAUGUG_m1_c3_short.pfm	6	10
TTCGGA40NCGC_AAG_KGUUGCGCGGG_m2_c3_short.pfm	5	11
TTCGGA40NCGC_AAG_UGAGUGCGGUAG_m2_c3_short.pfm	5	10
TTGCCC40NCTC_AAG_KGUUGCGCGGG_m2_c3_short.pfm	5	11
TTGCCC40NCTC_AAG_UGAGUGCGGUAG_m2_c3_short.pfm	5	10
TTATGA40NCAG_AAG_YRCGCUCCUNGCY_m2_c2_short.pfm	5	13
TTATGA40NCAG_AAG_YRYGCUCGUGCYN_m2_c2_short.pfm	5	13
TATTCA40NTCAG_AAG_SGUGCAUAAKGCN_m2_c3_short.pfm	5	9
TATGGT40NATA_EMQ_NUGCAUAAUGN_m2_c4b-_short.pfm	5	9
TTTGAC40NGGT_EMO_NUGCAUAAUGN_m1_c4b0_short.pfm	5	9
TTTGAC40NGGT_EMO_SAUGYAURAKKUG_m2_c4b0_short.pfm	4	11
TGGTGG40NTAA_EMO_NGCUUCGNGCN_m1_c4b0_short.pfm	3	5
TGGTGG40NTAA_EMO_NAGCUUNGUGCUN_m1_c4b0_short.pfm	4	5
TACCTC40NATT_AAG_NGCCCUCAAGGYN_m1_c4_short.pfm	5	5
TACCTC40NATT_AAG_GCGCAAGAGC_m1_c4_short.pfm	4	5
TCATAG40NGGT_AAG_NGCCCUCAAGGYN_m1_c4b-_short.pfm	6	5
TCATAG40NGGT_AAG_GCGCAAGAGC_m1_c4b-_short.pfm	4	6
TCATAG40NGGT_AAG_NGCGUCGUGGCN_m1_c4b-_short.pfm	4	6
TCATAG40NGGT_AAG_UGAAUUCGUCN_m1_c4b-_short.pfm	4	5
TGCTAA40NAACA_AAG_YRCGUUUUAGKR_m1_c4_short.pfm	5	6
TCTTGC40NTTC_AAG_CURCGUUUUAGKAG_m2_c2_short.pfm	6	6
TCTTGC40NTTC_AAG_CUCGUAUCGAG_m1_c2_short.pfm	6	3
TCTTGC40NTTC_AAG_CCUCUNUGAGG_m1_c2_short.pfm	6	3
TGCGCT40NTGA_AAG_GCAGUKUUAGGGY_m1_c3_short.pfm	4	9
TCTTGC40NATAG_AAG_RCCAYRHCAUCGY_m1_c4_short.pfm	4	9
TGATGA40NCATT_AAG_NGCAGGUAAGUGCN_m2_c4_short.pfm	4	6
TGAATG40NGTAG_AAG_NGCAGGUAAGUGSN_m2_c2_short.pfm	4	6
TGAATG40NGTAG_AAG_SCAGGUAUUAUGS_m2_c2_short.pfm	4	7
TATGAC40NTCA_AAG_NCAGGUAAGUGN_m2_c3_short.pfm	4	6
